Top pages,Clicks,Impressions,CTR,Position
https://grantcare.co.za/payment-dates/2026/may/disability,25,317,7.89%,10.44
https://grantcare.co.za/payment-dates,10,815,1.23%,27.95
https://grantcare.co.za/guides/disability-grant-payment-dates-may-2026,9,134,6.72%,9.26
https://grantcare.co.za/payment-dates/2026/june,8,1147,0.7%,9.97
https://grantcare.co.za/payment-dates/2026/june/disability,8,723,1.11%,7.92
https://grantcare.co.za/xh/guides/sassa-status-check-for-r350-payment-dates-2024,7,51,13.73%,77.84
https://grantcare.co.za/tn/payment-dates/2027/may/disability,6,19,31.58%,9.89
https://grantcare.co.za/payment-dates/2026/may/children,5,1329,0.38%,10.2
https://grantcare.co.za/guides/how-to-use-srd-sassa-gov-za-login-safely,5,263,1.9%,19.87
https://grantcare.co.za/payment-dates/2026/june/children,3,925,0.32%,7.78
https://grantcare.co.za/af/guides/srd-sassa-gov-za-status-check-guide,3,28,10.71%,11.36
https://grantcare.co.za/payment-dates/2026/june/older-persons,2,377,0.53%,9.17
https://grantcare.co.za/,2,64,3.12%,14
https://grantcare.co.za/zu/guides/sassa-status-check-for-r350-payment-dates,2,57,3.51%,80.63
https://grantcare.co.za/payment-dates/2026/july,2,32,6.25%,7.44
https://grantcare.co.za/payment-dates/2026/may/social-relief,2,25,8%,27.12
https://grantcare.co.za/zu/payment-dates,1,446,0.22%,11.3
https://grantcare.co.za/tn/payment-dates/2026/may/children,1,369,0.27%,11.71
https://grantcare.co.za/payment-dates/2027/june/children,1,271,0.37%,8.39
https://grantcare.co.za/guides/child-support-grant-payment-dates-june-2026,1,168,0.6%,9.13
https://grantcare.co.za/guides/what-to-do-if-you-cannot-log-in-to-the-sassa-portal,1,124,0.81%,9.96
https://grantcare.co.za/guides/payment-dates-june-2026,1,116,0.86%,9.82
https://grantcare.co.za/guides/can-you-appeal-twice,1,79,1.27%,2.61
https://grantcare.co.za/en/payment-dates/2026/june/children,1,78,1.28%,7.58
https://grantcare.co.za/guides/sassa-status-check-for-r350-payment-dates,1,45,2.22%,54.51
https://grantcare.co.za/guides/sassa-status-check-for-srd-r370,1,43,2.33%,53.56
https://grantcare.co.za/payment-dates/2027/may,1,31,3.23%,9.39
https://grantcare.co.za/guides/disability-grant-payment-dates-july-2026,1,30,3.33%,6.93
https://grantcare.co.za/guides/what-to-do-after-you-submit-an-online-application,1,30,3.33%,7.17
https://grantcare.co.za/zu/guides/what-sc19-searches-usually-mean,1,25,4%,10.12
https://grantcare.co.za/payment-dates/2026/december/children,1,24,4.17%,14.33
https://grantcare.co.za/guides/social-relief-how-to-apply,1,23,4.35%,7.78
https://grantcare.co.za/xh/guides/sassa-status-check-for-r350-payment,1,22,4.55%,99.05
https://grantcare.co.za/tn/guides/how-to-use-srd-sassa-gov-za-login-safely,1,22,4.55%,104.86
https://grantcare.co.za/guides/how-to-check-status-after-changing-details,1,21,4.76%,5.95
https://grantcare.co.za/guides/sassa-status-check-for-r350-payments,1,20,5%,103.85
https://grantcare.co.za/en/guides/what-to-do-if-the-portal-login-page-keeps-failing,1,18,5.56%,8.33
https://grantcare.co.za/status,1,17,5.88%,75.82
https://grantcare.co.za/guides/what-payment-released-means,1,15,6.67%,6.4
https://grantcare.co.za/guides/how-to-check-your-appeal-status,1,15,6.67%,9.2
https://grantcare.co.za/guides/srd-payment-dates-april-2026,1,15,6.67%,21.53
https://grantcare.co.za/guides/how-to-read-application-status-after-reapplication,1,14,7.14%,25.07
https://grantcare.co.za/payment-dates/2027/june,1,14,7.14%,29.57
https://grantcare.co.za/xh/guides/how-to-check-r370-status-safely,1,11,9.09%,11.82
https://grantcare.co.za/payment-dates/2026/june/social-relief,1,10,10%,17.3
https://grantcare.co.za/guides/grant-in-aid-documents-you-may-need,1,6,16.67%,3.83
https://grantcare.co.za/en/status/approved,1,6,16.67%,34
https://grantcare.co.za/en/guides/how-to-open-the-srd-portal-safely,1,5,20%,35
https://grantcare.co.za/tn/guides/common-reasons-appeals-are-not-successful,1,4,25%,5.5
https://grantcare.co.za/guides/should-you-use-a-sassa-app-or-the-website,1,4,25%,10.25
https://grantcare.co.za/xh/status/pending,1,3,33.33%,6.33
https://grantcare.co.za/af/payment-dates/2026/june/social-relief,1,3,33.33%,13.33
https://grantcare.co.za/tn/payment-dates/2026/november/disability,1,2,50%,3.5
https://grantcare.co.za/guides/srd-payment-dates-june-2026,1,2,50%,8
https://grantcare.co.za/xh/guides/srd-payment-dates-2025,1,1,100%,3
https://grantcare.co.za/guides/child-support-grant-payment-dates-may-2026,0,351,0%,10.77
https://grantcare.co.za/xh/guides/what-pending-verification-means,0,190,0%,3.8
https://grantcare.co.za/tn/payment-dates/2026/june/children,0,147,0%,10.03
https://grantcare.co.za/guides/sassa-old-age-grant-pay-date,0,142,0%,11.46
https://grantcare.co.za/af/payment-dates,0,130,0%,31.45
https://grantcare.co.za/guides/sassa-350-payment-date,0,127,0%,9.49
https://grantcare.co.za/guides/how-to-start-an-r350-online-application-safely,0,119,0%,27.07
https://grantcare.co.za/payment-dates/2027/june/older-persons,0,108,0%,11.25
https://grantcare.co.za/guides/child-support-grant-documents-you-may-need,0,105,0%,9.05
https://grantcare.co.za/tn/payment-dates/2026/may,0,104,0%,19.21
https://grantcare.co.za/payment-dates/2026/may,0,78,0%,12.06
https://grantcare.co.za/tn/payment-dates/2026/june/disability,0,74,0%,9.58
https://grantcare.co.za/guides/what-weekends-and-holidays-can-do-to-payments,0,70,0%,7.7
https://grantcare.co.za/zu/payment-dates/2026/june/children,0,68,0%,11.35
https://grantcare.co.za/en/grants/social-relief,0,68,0%,63.97
https://grantcare.co.za/grants/child-support,0,66,0%,14.35
https://grantcare.co.za/guides/older-persons-grant-payment-dates-may-2026,0,65,0%,9.15
https://grantcare.co.za/guides/how-long-approval-can-take,0,64,0%,8.72
https://grantcare.co.za/payment-dates/2026/may/older-persons,0,58,0%,10.98
https://grantcare.co.za/guides/why-payment-is-delayed,0,57,0%,8.19
https://grantcare.co.za/tn/payment-dates,0,55,0%,27.89
https://grantcare.co.za/guides,0,54,0%,12.87
https://grantcare.co.za/payment-dates/2026/july/children,0,51,0%,6.51
https://grantcare.co.za/zu/payment-dates/2025/june/children,0,51,0%,9.16
https://grantcare.co.za/guides/older-persons-grant-payment-dates-june-2026,0,49,0%,10.47
https://grantcare.co.za/payment-dates/2027/may/children,0,47,0%,10.09
https://grantcare.co.za/guides/payment-dates-april-2026,0,45,0%,9.09
https://grantcare.co.za/guides/payment-dates-july-2026,0,43,0%,10.33
https://grantcare.co.za/payment-dates/2026/august/children,0,42,0%,10.67
https://grantcare.co.za/af/payment-dates/2026/june,0,42,0%,11.05
https://grantcare.co.za/contact,0,42,0%,24.17
https://grantcare.co.za/xh/guides/srd-sassa-gov-za-status-check-guide,0,42,0%,103.33
https://grantcare.co.za/af/payment-dates/2026/november,0,41,0%,8.59
https://grantcare.co.za/zu/payment-dates/2027/june/children,0,41,0%,9.34
https://grantcare.co.za/guides/child-support-grant-payment-dates-april-2026,0,40,0%,8.6
https://grantcare.co.za/guides/payment-dates-may-2026,0,39,0%,8.9
https://grantcare.co.za/en/payment-dates/2026/may/children,0,39,0%,12.31
https://grantcare.co.za/en/guides/sassa-350-payment-date,0,38,0%,11.16
https://grantcare.co.za/guides/what-to-do-if-your-application-form-will-not-open,0,36,0%,7.06
https://grantcare.co.za/zu/guides/child-support-grant-documents-you-may-need,0,36,0%,9.72
https://grantcare.co.za/guides/payment-dates-august-2026,0,35,0%,8.91
https://grantcare.co.za/en/payment-dates/2026/march/children,0,35,0%,11.83
https://grantcare.co.za/xh/payment-dates/2026/may/children,0,34,0%,12.09
https://grantcare.co.za/xh/guides/what-weekends-and-holidays-can-do-to-payments,0,32,0%,7.97
https://grantcare.co.za/guides/sassa-payment-date-for-old-age,0,32,0%,15.66
https://grantcare.co.za/en/guides/sassa-status-check-for-r350-payment-dates,0,32,0%,90.56
https://grantcare.co.za/zu/payment-dates/2026/june/disability,0,31,0%,10.35
https://grantcare.co.za/zu/grants/disability,0,31,0%,40.71
https://grantcare.co.za/xh/payment-dates/2027/june/disability,0,30,0%,10.57
https://grantcare.co.za/grants/older-persons,0,30,0%,52.43
https://grantcare.co.za/payment-dates/2026/july/older-persons,0,29,0%,8.38
https://grantcare.co.za/nso/guides/payment-dates-may-2026,0,29,0%,10.45
https://grantcare.co.za/guides/how-to-apply-for-support,0,28,0%,10.43
https://grantcare.co.za/af/guides/social-relief-how-to-apply,0,27,0%,10.85
https://grantcare.co.za/payment-dates/2026/april/children,0,27,0%,11.07
https://grantcare.co.za/status/approved,0,26,0%,8.19
https://grantcare.co.za/guides/how-to-apply-online-for-social-relief,0,26,0%,10.23
https://grantcare.co.za/payment-dates/2026/february,0,26,0%,51.42
https://grantcare.co.za/tn/guides/what-to-do-if-your-appeal-is-still-pending,0,25,0%,10.2
https://grantcare.co.za/en/grants/child-support,0,25,0%,14.24
https://grantcare.co.za/grants,0,25,0%,49
https://grantcare.co.za/grants/grant-in-aid,0,25,0%,52.68
https://grantcare.co.za/payment-dates/2026/august,0,23,0%,7.22
https://grantcare.co.za/af/payment-dates/2027/june/children,0,23,0%,8.43
https://grantcare.co.za/guides/what-documents-you-may-need,0,23,0%,8.65
https://grantcare.co.za/status/declined,0,23,0%,18.22
https://grantcare.co.za/zu/guides/what-to-do-if-you-see-a-double-grant-payment-post,0,23,0%,19
https://grantcare.co.za/status/pending,0,23,0%,23.57
https://grantcare.co.za/guides/how-to-read-appeal-results,0,22,0%,6.55
https://grantcare.co.za/payment-dates/2026/july/disability,0,22,0%,8.73
https://grantcare.co.za/payment-dates/2026/april/disability,0,22,0%,9.86
https://grantcare.co.za/guides/how-long-an-appeal-takes,0,22,0%,10.14
https://grantcare.co.za/guides/how-to-know-if-a-payment-date-is-still-current,0,22,0%,11.36
https://grantcare.co.za/guides/common-reasons-applications-are-delayed,0,21,0%,5.62
https://grantcare.co.za/guides/disability-grant-payment-dates-april-2026,0,21,0%,10.24
https://grantcare.co.za/guides/how-to-update-banking-details-after-changing-banks,0,21,0%,21.38
https://grantcare.co.za/guides/sassa-status-check-for-r350-payment-date,0,21,0%,77.76
https://grantcare.co.za/guides/what-to-do-if-the-status-check-page-will-not-load,0,20,0%,7.55
https://grantcare.co.za/payment-dates/2026/august/disability,0,20,0%,7.9
https://grantcare.co.za/guides/how-long-appeal-status-updates-take,0,19,0%,9.58
https://grantcare.co.za/guides/payment-dates-november-2026,0,19,0%,10.11
https://grantcare.co.za/guides/what-the-sassa-service-portal-is-for,0,19,0%,10.16
https://grantcare.co.za/af/payment-dates/2025/june/older-persons,0,19,0%,15.84
https://grantcare.co.za/guides/what-identity-verification-sms-usually-means,0,19,0%,39.53
https://grantcare.co.za/af/guides/how-to-use-srd-sassa-gov-za-login-safely,0,19,0%,90.11
https://grantcare.co.za/guides/disability-grant-payment-dates-june-2026,0,18,0%,7.5
https://grantcare.co.za/af/payment-dates/2026/july/older-persons,0,18,0%,9.39
https://grantcare.co.za/guides/older-persons-grant-documents-you-may-need,0,18,0%,10
https://grantcare.co.za/zu/guides/payment-dates-june-2026,0,18,0%,11
https://grantcare.co.za/payment-dates/2026/november/children,0,18,0%,16.11
https://grantcare.co.za/zu/guides/grant-in-aid-documents-you-may-need,0,18,0%,24.22
https://grantcare.co.za/guides/sassa-payment-dates-r350,0,18,0%,56.5
https://grantcare.co.za/payment-dates/2025/june/children,0,17,0%,8.71
https://grantcare.co.za/guides/disability-grant-payment-dates-september-2026,0,17,0%,8.82
https://grantcare.co.za/guides/grant-in-aid-how-to-apply,0,17,0%,13.35
https://grantcare.co.za/tn/payment-dates/2027/may,0,16,0%,8.88
https://grantcare.co.za/zu/guides/disability-grant-documents-you-may-need,0,16,0%,9.5
https://grantcare.co.za/xh/guides/older-persons-grant-payment-dates-may-2026,0,16,0%,10
https://grantcare.co.za/en/guides/payment-dates-may-2026,0,16,0%,11.62
https://grantcare.co.za/guides/what-to-do-if-your-payment-method-is-still-pending,0,16,0%,15.44
https://grantcare.co.za/xh/status/identity-verification,0,16,0%,46.06
https://grantcare.co.za/guides/what-declined-after-appeal-means,0,15,0%,8.07
https://grantcare.co.za/zu/guides/child-support-grant-payment-dates-june-2026,0,15,0%,8.47
https://grantcare.co.za/guides/older-persons-grant-payment-dates-august-2026,0,15,0%,9.33
https://grantcare.co.za/en/guides/disability-grant-payment-dates-october-2026,0,15,0%,9.8
https://grantcare.co.za/payment-dates/2027/june/disability,0,15,0%,10.07
https://grantcare.co.za/payment-dates/2026/april,0,15,0%,12.27
https://grantcare.co.za/payment-dates/2025/september/social-relief,0,15,0%,27.73
https://grantcare.co.za/af/payment-dates/2026/april,0,14,0%,5.57
https://grantcare.co.za/guides/how-to-know-if-your-payment-is-ready,0,14,0%,6.43
https://grantcare.co.za/zu/guides/child-support-grant-payment-dates-july-2026,0,14,0%,8.14
https://grantcare.co.za/guides/what-to-do-if-you-missed-a-payment,0,14,0%,8.5
https://grantcare.co.za/af/grants,0,14,0%,9.93
https://grantcare.co.za/af/guides/payment-dates-august-2026,0,14,0%,10.21
https://grantcare.co.za/en/payment-dates/2026/may/older-persons,0,14,0%,10.36
https://grantcare.co.za/guides/how-to-keep-your-portal-login-details-safe,0,14,0%,13.64
https://grantcare.co.za/xh/payment-dates/2026/april/social-relief,0,14,0%,19.93
https://grantcare.co.za/xh/payment-dates/2026/may/social-relief,0,14,0%,20.64
https://grantcare.co.za/xh/guides/what-identity-verification-sms-usually-means,0,14,0%,37.43
https://grantcare.co.za/guides/sassa-status-check-for-r350-pay-day,0,14,0%,48.43
https://grantcare.co.za/zu/grants/care-dependency,0,14,0%,49.36
https://grantcare.co.za/guides/how-to-fix-phone-number-mismatch-problems,0,13,0%,5.77
https://grantcare.co.za/en/guides/what-payment-scheduled-means,0,13,0%,7.23
https://grantcare.co.za/guides/what-to-do-if-online-application-login-is-not-working,0,13,0%,8.54
https://grantcare.co.za/zu/guides/disability-grant-payment-dates-june-2026,0,13,0%,9.54
https://grantcare.co.za/payment-dates/2025/may/children,0,13,0%,9.92
https://grantcare.co.za/guides/what-to-do-if-your-appeal-is-still-pending,0,13,0%,10.46
https://grantcare.co.za/zu/guides/older-persons-grant-payment-dates-april-2026,0,13,0%,10.85
https://grantcare.co.za/guides/sassa-srd-status-check-dates,0,13,0%,14.31
https://grantcare.co.za/xh/guides/payment-dates-june-2025,0,13,0%,17.38
https://grantcare.co.za/guides/how-to-use-sc19-pages-safely,0,13,0%,17.77
https://grantcare.co.za/guides/how-to-read-status-check-appeal-dates,0,13,0%,26.92
https://grantcare.co.za/nso/grants/older-persons,0,13,0%,27
https://grantcare.co.za/guides/older-persons-grant-how-to-apply,0,13,0%,38.46
https://grantcare.co.za/zu/guides/what-biometric-identity-verification-means,0,13,0%,59.46
https://grantcare.co.za/zu/guides/sassa-status-check-for-r370-payment,0,13,0%,62.54
https://grantcare.co.za/guides/sassa-status-check-for-r350-payment-dates-2024,0,13,0%,99
https://grantcare.co.za/guides/sassa-status-check-for-r350-payment,0,13,0%,112.92
https://grantcare.co.za/af/payment-dates/2027/june/disability,0,12,0%,6.58
https://grantcare.co.za/guides/child-support-grant-how-to-apply,0,12,0%,9.5
https://grantcare.co.za/guides/payment-dates-september-2026,0,12,0%,9.75
https://grantcare.co.za/payment-dates/2026/december,0,12,0%,9.75
https://grantcare.co.za/zu/payment-dates/2027/may/children,0,12,0%,9.83
https://grantcare.co.za/en/guides/how-to-check-child-support-grant-increase-updates-safely,0,12,0%,10.5
https://grantcare.co.za/guides/appeal-vs-reapplication-guide,0,12,0%,10.75
https://grantcare.co.za/guides/how-to-check-if-payment-was-sent-back,0,12,0%,10.75
https://grantcare.co.za/en/payment-dates/2027/may/children,0,12,0%,10.92
https://grantcare.co.za/zu/payment-dates/2026/may/older-persons,0,12,0%,11.67
https://grantcare.co.za/nso/payment-dates/2026/may,0,12,0%,12.67
https://grantcare.co.za/af/payment-dates/2026/may,0,12,0%,12.92
https://grantcare.co.za/en/contact,0,12,0%,31.5
https://grantcare.co.za/tn/guides/what-to-do-if-your-payment-method-is-still-pending,0,12,0%,37.33
https://grantcare.co.za/guides/payment-dates-january-2026,0,12,0%,41.08
https://grantcare.co.za/payment-dates/2025/november,0,12,0%,45.58
https://grantcare.co.za/guides/sassa-srd-status-check-dates-370,0,12,0%,48.17
https://grantcare.co.za/status/identity-verification,0,12,0%,54.58
https://grantcare.co.za/af/guides/what-to-do-if-your-application-form-will-not-open,0,11,0%,6.18
https://grantcare.co.za/guides/payment-dates-2025-to-2026,0,11,0%,7.27
https://grantcare.co.za/payment-dates/2026/september/children,0,11,0%,7.36
https://grantcare.co.za/guides/what-to-do-if-the-portal-login-page-keeps-failing,0,11,0%,8.09
https://grantcare.co.za/payment-dates/2026/april/social-relief,0,11,0%,8.18
https://grantcare.co.za/nso/payment-dates/2026/may/children,0,11,0%,9
https://grantcare.co.za/en/guides/payment-dates-september-2026,0,11,0%,10.36
https://grantcare.co.za/payment-dates/2026/december/older-persons,0,11,0%,11.09
https://grantcare.co.za/zu/payment-dates/2027/june/disability,0,11,0%,11.18
https://grantcare.co.za/tn/guides/child-support-grant-payment-dates-may-2026,0,11,0%,11.91
https://grantcare.co.za/guides/what-to-do-after-you-reapply-online,0,11,0%,14.36
https://grantcare.co.za/nso/guides/how-to-understand-payment-dates,0,11,0%,15.45
https://grantcare.co.za/zu/guides/what-identity-verification-sms-usually-means,0,11,0%,21.09
https://grantcare.co.za/guides/sassa-r370-payment-dates,0,11,0%,22.36
https://grantcare.co.za/zu/guides/sassa-payment-dates-r350,0,11,0%,48.91
https://grantcare.co.za/zu/guides/how-to-request-identity-verification-properly,0,11,0%,63.55
https://grantcare.co.za/guides/common-online-application-mistakes,0,10,0%,5.8
https://grantcare.co.za/nso/payment-dates/2026/may/older-persons,0,10,0%,5.8
https://grantcare.co.za/payment-dates/2026/november/disability,0,10,0%,6
https://grantcare.co.za/guides/payment-dates-april-2025,0,10,0%,7.3
https://grantcare.co.za/payment-dates/2026/august/older-persons,0,10,0%,7.5
https://grantcare.co.za/guides/what-to-do-if-payment-arrives-later-than-expected,0,10,0%,8.1
https://grantcare.co.za/guides/how-to-change-phone-number,0,10,0%,8.6
https://grantcare.co.za/guides/payment-dates-june-2025,0,10,0%,9.5
https://grantcare.co.za/af/guides/child-support-grant-payment-dates-may-2026,0,10,0%,11.5
https://grantcare.co.za/en/guides/disability-grant-how-to-apply,0,10,0%,11.6
https://grantcare.co.za/payment-dates/2025/july/older-persons,0,10,0%,13.8
https://grantcare.co.za/en/guides/why-is-my-status-pending,0,10,0%,14.3
https://grantcare.co.za/guides/srd-payment-dates-may-2026,0,10,0%,16.5
https://grantcare.co.za/xh/payment-dates/2026/may,0,10,0%,17.4
https://grantcare.co.za/grants/social-relief,0,10,0%,21.3
https://grantcare.co.za/xh/guides/identity-verification-required-meaning,0,10,0%,60.9
https://grantcare.co.za/guides/how-to-check-if-your-online-application-was-submitted,0,9,0%,6.78
https://grantcare.co.za/guides/what-to-check-before-you-start-an-online-application,0,9,0%,7
https://grantcare.co.za/nso/guides/payment-processing-meaning,0,9,0%,7
https://grantcare.co.za/payment-dates/2026/october/older-persons,0,9,0%,8.78
https://grantcare.co.za/payment-dates/2026/september/older-persons,0,9,0%,9.11
https://grantcare.co.za/guides/payment-dates-by-month,0,9,0%,9.67
https://grantcare.co.za/zu/guides/grant-in-aid-how-to-apply,0,9,0%,11.33
https://grantcare.co.za/zu/guides/payment-dates-april-2025,0,9,0%,12.56
https://grantcare.co.za/nso/grants,0,9,0%,17.78
https://grantcare.co.za/tn/grants/older-persons,0,9,0%,19.67
https://grantcare.co.za/xh/guides/srd-payment-dates-april-2026,0,9,0%,30.22
https://grantcare.co.za/guides/sassa-status-check-for-r370-payment-dates,0,9,0%,53.67
https://grantcare.co.za/nso/grants/foster-child,0,9,0%,57.22
https://grantcare.co.za/af/payment-dates/2026/may/older-persons,0,8,0%,5.5
https://grantcare.co.za/guides/what-to-do-if-payment-date-passed-with-no-update,0,8,0%,5.5
https://grantcare.co.za/guides/what-banking-details-status-check-means,0,8,0%,5.75
https://grantcare.co.za/guides/what-payment-hold-may-mean,0,8,0%,6.62
https://grantcare.co.za/eligibility-checker,0,8,0%,7
https://grantcare.co.za/guides/what-pending-id-verification-means,0,8,0%,7.12
https://grantcare.co.za/payment-dates/2026/november/older-persons,0,8,0%,7.62
https://grantcare.co.za/guides/how-to-check-payment-status-safely,0,8,0%,8.25
https://grantcare.co.za/payment-dates/2026/january/children,0,8,0%,8.25
https://grantcare.co.za/zu/guides/disability-grant-payment-dates-july-2026,0,8,0%,8.38
https://grantcare.co.za/guides/how-payments-work,0,8,0%,8.62
https://grantcare.co.za/xh/payment-dates/2026/may/disability,0,8,0%,9.25
https://grantcare.co.za/af/guides/how-to-check-payment-status-safely,0,8,0%,9.62
https://grantcare.co.za/payment-dates/2026/september/disability,0,8,0%,10.12
https://grantcare.co.za/xh/payment-dates/2025/may/children,0,8,0%,10.88
https://grantcare.co.za/guides/how-to-find-a-sassa-office-near-you-safely,0,8,0%,11.25
https://grantcare.co.za/guides/care-dependency-grant-how-to-apply,0,8,0%,14.5
https://grantcare.co.za/af/guides/payment-dates-by-month,0,8,0%,16.62
https://grantcare.co.za/guides/sassa-status-check-for-r350-payment-dates-june,0,8,0%,17
https://grantcare.co.za/af/guides/how-to-check-your-status,0,8,0%,19.75
https://grantcare.co.za/xh/guides/what-to-do-if-online-application-login-is-not-working,0,8,0%,24.25
https://grantcare.co.za/guides/payment-dates-february-2026,0,8,0%,27.38
https://grantcare.co.za/xh/guides/sassa-status-check-for-srd-r370,0,8,0%,28.25
https://grantcare.co.za/grants/disability,0,8,0%,30.5
https://grantcare.co.za/en/payment-dates/2025/november,0,8,0%,32
https://grantcare.co.za/payment-dates/2025/october/social-relief,0,8,0%,35.12
https://grantcare.co.za/tn/status/identity-verification,0,8,0%,40.25
https://grantcare.co.za/payment-dates/2027/february,0,8,0%,41.25
https://grantcare.co.za/en/status/banking-issue,0,8,0%,45.38
https://grantcare.co.za/nso/grants/grant-in-aid,0,8,0%,46.75
https://grantcare.co.za/guides/sassa-status-check-for-r350-payment-dates-2025,0,8,0%,80.12
http://grantcare.co.za/,0,7,0%,1.43
https://grantcare.co.za/guides/how-to-read-your-status-check-result,0,7,0%,6
https://grantcare.co.za/payment-dates/2026/november,0,7,0%,6.57
https://grantcare.co.za/guides/foster-child-grant-documents-you-may-need,0,7,0%,6.71
https://grantcare.co.za/guides/how-to-fix-missing-payment-issues,0,7,0%,7.14
https://grantcare.co.za/guides/what-to-do-if-verification-keeps-failing,0,7,0%,7.14
https://grantcare.co.za/guides/what-to-do-after-approval,0,7,0%,7.71
https://grantcare.co.za/guides/child-support-grant-payment-dates-july-2026,0,7,0%,8
https://grantcare.co.za/guides/child-support-grant-payment-dates-october-2026,0,7,0%,8.29
https://grantcare.co.za/guides/what-to-do-if-your-bank-details-changed,0,7,0%,8.86
https://grantcare.co.za/tn/guides/what-to-do-if-you-cannot-log-in-to-the-sassa-portal,0,7,0%,8.86
https://grantcare.co.za/nso/guides/disability-grant-payment-dates-july-2026,0,7,0%,9.43
https://grantcare.co.za/guides/common-reasons-appeals-are-not-successful,0,7,0%,9.57
https://grantcare.co.za/tn/guides/payment-dates-december-2026,0,7,0%,9.71
https://grantcare.co.za/xh/guides/payment-dates-may-2026,0,7,0%,9.86
https://grantcare.co.za/guides/how-to-avoid-common-appeal-mistakes,0,7,0%,10
https://grantcare.co.za/guides/how-to-check-disability-grant-increase-updates-safely,0,7,0%,10
https://grantcare.co.za/nso/payment-dates/2027/january/children,0,7,0%,10
https://grantcare.co.za/tn/guides/payment-dates-may-2026,0,7,0%,10.57
https://grantcare.co.za/xh/guides/what-to-do-if-you-cannot-log-in-to-the-sassa-portal,0,7,0%,11.14
https://grantcare.co.za/guides/how-to-use-sassa-online-application-safely,0,7,0%,11.57
https://grantcare.co.za/en/payment-dates/2026/october/children,0,7,0%,12.86
https://grantcare.co.za/guides/sassa-payment-dates-2025-r350,0,7,0%,14.43
https://grantcare.co.za/zu/grants/child-support,0,7,0%,19.43
https://grantcare.co.za/sitemap,0,7,0%,21
https://grantcare.co.za/guides/sassa-srd-payment-date,0,7,0%,21.71
https://grantcare.co.za/en/guides/how-to-check-srd-status-online,0,7,0%,24.14
https://grantcare.co.za/af/guides/how-to-know-if-a-payment-date-is-still-current,0,7,0%,26.43
https://grantcare.co.za/en/guides/how-to-check-application-status-on-the-official-portal-safely,0,7,0%,30.29
https://grantcare.co.za/guides/sassa-srd-grant-payment-dates,0,7,0%,31.71
https://grantcare.co.za/tn/guides/foster-child-grant-documents-you-may-need,0,7,0%,35
https://grantcare.co.za/payment-dates/2025/march/social-relief,0,7,0%,35.71
https://grantcare.co.za/guides/sassa-status-check-for-r350-payment-dates-july,0,7,0%,36.29
https://grantcare.co.za/en/grants/disability,0,7,0%,38.86
https://grantcare.co.za/en/payment-dates/2025/june,0,7,0%,59.29
https://grantcare.co.za/guides/sassa-status-check-for-r370-payment,0,7,0%,80.43
https://grantcare.co.za/en,0,6,0%,3.67
https://grantcare.co.za/guides/how-phone-number-changes-affect-status-checks,0,6,0%,6
https://grantcare.co.za/guides/how-to-use-an-r370-application-page-safely,0,6,0%,6.33
https://grantcare.co.za/en/eligibility-checker,0,6,0%,6.83
https://grantcare.co.za/guides/what-an-appeal-date-means,0,6,0%,7.5
https://grantcare.co.za/en/guides/disability-grant-payment-dates-august-2026,0,6,0%,8
https://grantcare.co.za/guides/how-to-find-the-right-status-check-for-your-grant,0,6,0%,8
https://grantcare.co.za/guides/is-the-r530-grant-real,0,6,0%,8.17
https://grantcare.co.za/payment-dates/2026/september,0,6,0%,8.67
https://grantcare.co.za/guides/how-to-use-app-based-r350-information-safely,0,6,0%,9.17
https://grantcare.co.za/guides/payment-dates-october-2026,0,6,0%,9.17
https://grantcare.co.za/tn/guides/what-to-do-if-your-application-form-will-not-open,0,6,0%,9.5
https://grantcare.co.za/zu/guides/how-to-apply-online-for-social-relief,0,6,0%,9.5
https://grantcare.co.za/guides/fix-banking-details,0,6,0%,9.67
https://grantcare.co.za/guides/what-double-payment-rumours-usually-mean,0,6,0%,10
https://grantcare.co.za/guides/what-to-do-if-your-appeal-status-does-not-change,0,6,0%,10
https://grantcare.co.za/guides/disability-grant-who-may-qualify,0,6,0%,10.33
https://grantcare.co.za/zu/guides/sassa-r370-payment-dates,0,6,0%,10.33
https://grantcare.co.za/en/guides/payment-dates-june-2026,0,6,0%,10.67
https://grantcare.co.za/guides/how-to-prepare-for-a-sassa-office-visit,0,6,0%,10.83
https://grantcare.co.za/guides/how-to-check-r350-status-on-mobile,0,6,0%,11
https://grantcare.co.za/payment-dates/2025/may/older-persons,0,6,0%,11.17
https://grantcare.co.za/guides/how-to-read-r350-status-check-and-payment-pages-together,0,6,0%,11.5
https://grantcare.co.za/xh/guides/what-payment-pending-means,0,6,0%,13.17
https://grantcare.co.za/guides/what-to-do-if-you-missed-the-appeal-window,0,6,0%,15.33
https://grantcare.co.za/zu/guides/older-persons-grant-how-to-apply,0,6,0%,19
https://grantcare.co.za/payment-dates/2025/january/older-persons,0,6,0%,35
https://grantcare.co.za/af/guides/sassa-old-age-grant-pay-date,0,6,0%,47.5
https://grantcare.co.za/nso/guides/older-persons-grant-payment-dates-may-2026,0,6,0%,51
https://grantcare.co.za/guides/what-biometric-identity-verification-means,0,6,0%,51.67
https://grantcare.co.za/guides/sassa-website-vs-srd-portal-guide,0,6,0%,58
https://grantcare.co.za/payment-dates/2026/january,0,6,0%,61.5
https://grantcare.co.za/en/grants/older-persons,0,6,0%,68.67
https://grantcare.co.za/af/payment-dates/2026/july/disability,0,5,0%,6.2
https://grantcare.co.za/tn/guides/how-to-check-r350-status-on-mobile,0,5,0%,6.2
https://grantcare.co.za/af/payment-dates/2026/may/children,0,5,0%,6.4
https://grantcare.co.za/guides/child-support-grant-payment-dates-september-2026,0,5,0%,6.6
https://grantcare.co.za/payment-dates/2027/january,0,5,0%,6.6
https://grantcare.co.za/guides/disability-grant-documents-you-may-need,0,5,0%,6.8
https://grantcare.co.za/af/payment-dates/2026/april/children,0,5,0%,7
https://grantcare.co.za/guides/what-to-do-if-you-need-to-change-phone-number-without-otp,0,5,0%,7.2
https://grantcare.co.za/af/payment-dates/2026/may/disability,0,5,0%,7.6
https://grantcare.co.za/guides/how-to-read-payment-status-after-approval,0,5,0%,7.6
https://grantcare.co.za/en/guides,0,5,0%,7.8
https://grantcare.co.za/guides/what-does-approved-mean,0,5,0%,8
https://grantcare.co.za/payment-dates/2025/february/children,0,5,0%,8.6
https://grantcare.co.za/guides/how-to-find-the-right-contact-number-for-r350-help,0,5,0%,9.2
https://grantcare.co.za/tn/guides/older-persons-grant-documents-you-may-need,0,5,0%,9.2
https://grantcare.co.za/guides/what-payment-pending-means,0,5,0%,9.4
https://grantcare.co.za/guides/how-to-change-your-phone-number-online-safely,0,5,0%,9.6
https://grantcare.co.za/guides/payment-dates-july-2025,0,5,0%,9.6
https://grantcare.co.za/guides/disability-grant-payment-dates-august-2026,0,5,0%,9.8
https://grantcare.co.za/tn/guides/what-to-do-if-the-status-check-page-will-not-load,0,5,0%,10
https://grantcare.co.za/guides/older-persons-grant-payment-dates-july-2026,0,5,0%,10.2
https://grantcare.co.za/tn/payment-dates/2027/june/older-persons,0,5,0%,10.2
https://grantcare.co.za/zu/guides/care-dependency-grant-how-to-apply,0,5,0%,10.2
https://grantcare.co.za/en/guides/what-documents-you-may-need,0,5,0%,10.4
https://grantcare.co.za/en/payment-dates/2026/may/disability,0,5,0%,10.4
https://grantcare.co.za/en/guides/how-long-an-appeal-takes,0,5,0%,10.8
https://grantcare.co.za/xh/guides/how-to-use-srd-sassa-gov-za-login-safely,0,5,0%,11.2
https://grantcare.co.za/tn/payment-dates/2026/august/older-persons,0,5,0%,11.4
https://grantcare.co.za/zu/payment-dates/2027/october/disability,0,5,0%,14.2
https://grantcare.co.za/tn/guides/older-persons-grant-how-to-apply,0,5,0%,14.4
https://grantcare.co.za/tn/guides/how-to-prepare-before-reapplying,0,5,0%,15.2
https://grantcare.co.za/guides/how-to-check-old-age-grant-increase-rumours-safely,0,5,0%,16.4
https://grantcare.co.za/af/status/declined,0,5,0%,16.6
https://grantcare.co.za/xh/guides/payment-processing-meaning,0,5,0%,18.8
https://grantcare.co.za/payment-dates/2025/november/children,0,5,0%,23.4
https://grantcare.co.za/guides/sassa-old-age-pension-2025,0,5,0%,26.6
https://grantcare.co.za/payment-dates/2026/february/children,0,5,0%,30.6
https://grantcare.co.za/zu/payment-dates/2027/february,0,5,0%,31.6
https://grantcare.co.za/af/guides/sassa-srd-payment-date,0,5,0%,42
https://grantcare.co.za/payment-dates/2025/december,0,5,0%,42.2
https://grantcare.co.za/xh/grants/care-dependency,0,5,0%,42.4
https://grantcare.co.za/guides/how-to-use-status-reasons-in-an-appeal,0,5,0%,45
https://grantcare.co.za/nso/status/reapplication-needed,0,5,0%,47.4
https://grantcare.co.za/guides/older-persons-grant-payment-dates-january-2026,0,5,0%,49.4
https://grantcare.co.za/payment-dates/2025/january,0,5,0%,50.6
https://grantcare.co.za/faq,0,5,0%,55.2
https://grantcare.co.za/zu/payment-dates/2026/january/social-relief,0,5,0%,56
https://grantcare.co.za/zu/guides/how-to-check-srd-status-online,0,5,0%,56.8
https://grantcare.co.za/tn/guides/what-happens-after-you-submit-an-appeal,0,5,0%,60.2
https://grantcare.co.za/en/guides/older-persons-grant-payment-dates-april-2026,0,5,0%,61.6
https://grantcare.co.za/xh/guides/what-to-do-if-your-application-status-does-not-update,0,5,0%,61.8
https://grantcare.co.za/zu/grants/social-relief,0,5,0%,85.4
https://grantcare.co.za/zu/guides/sassa-status-check-for-r350-pay-day,0,5,0%,126.2
https://grantcare.co.za/guides/what-pending-verification-means,0,4,0%,4
https://grantcare.co.za/nso/guides/what-pending-bank-verification-means,0,4,0%,4.5
https://grantcare.co.za/guides/what-to-do-if-payment-ready-but-not-reflecting,0,4,0%,5
https://grantcare.co.za/af/payment-dates/2027/july/children,0,4,0%,5.25
https://grantcare.co.za/af/status/reapplication-needed,0,4,0%,5.25
https://grantcare.co.za/en/payment-dates/2026/july/disability,0,4,0%,5.25
https://grantcare.co.za/guides/how-to-check-whether-your-bank-update-reflected,0,4,0%,5.25
https://grantcare.co.za/nso/guides/what-to-do-if-payment-ready-but-not-reflecting,0,4,0%,5.25
https://grantcare.co.za/en/guides/what-to-do-if-you-need-to-change-phone-number-without-otp,0,4,0%,5.5
https://grantcare.co.za/en/payment-dates/2026/june/disability,0,4,0%,5.5
https://grantcare.co.za/nso/payment-dates/2027/july,0,4,0%,5.5
https://grantcare.co.za/guides/what-to-do-if-payment-was-returned,0,4,0%,5.75
https://grantcare.co.za/tn/payment-dates/2026/december/children,0,4,0%,6
https://grantcare.co.za/xh/guides/what-payment-released-means,0,4,0%,6
https://grantcare.co.za/guides/srd-payment-dates-2025,0,4,0%,6.25
https://grantcare.co.za/guides/how-to-check-payment-method-before-pay-date,0,4,0%,6.5
https://grantcare.co.za/tn/payment-dates/2027/may/older-persons,0,4,0%,6.5
https://grantcare.co.za/tn/guides/what-does-approved-mean,0,4,0%,6.75
https://grantcare.co.za/guides/what-beneficiary-detail-update-searches-usually-mean,0,4,0%,7
https://grantcare.co.za/guides/how-to-read-application-status-after-applying-online,0,4,0%,7.25
https://grantcare.co.za/guides/payment-processing-meaning,0,4,0%,7.25
https://grantcare.co.za/af/payment-dates/2026/september/children,0,4,0%,7.5
https://grantcare.co.za/guides/how-to-check-srd-status-online,0,4,0%,7.5
https://grantcare.co.za/tn/guides/reapplication-needed-meaning,0,4,0%,7.5
https://grantcare.co.za/tn/sitemap,0,4,0%,7.5
https://grantcare.co.za/guides/what-sassa-portal-login-is-for,0,4,0%,8
https://grantcare.co.za/tn/payment-dates/2027/september,0,4,0%,8
https://grantcare.co.za/af/payment-dates/2026/november/older-persons,0,4,0%,8.25
https://grantcare.co.za/guides/how-to-open-the-sassa-website-on-mobile,0,4,0%,8.25
https://grantcare.co.za/nso/guides/how-payment-batches-can-cause-delays,0,4,0%,8.25
https://grantcare.co.za/xh,0,4,0%,8.25
https://grantcare.co.za/af/payment-dates/2026/october/children,0,4,0%,8.5
https://grantcare.co.za/guides/payment-dates-2026,0,4,0%,8.5
https://grantcare.co.za/guides/what-to-check-before-visiting-a-sassa-office,0,4,0%,8.5
https://grantcare.co.za/zu/guides/how-to-fix-banking-details-verification-delays,0,4,0%,8.5
https://grantcare.co.za/af/payment-dates/2025/may/children,0,4,0%,8.75
https://grantcare.co.za/zu/guides/what-reconsideration-means,0,4,0%,8.75
https://grantcare.co.za/guides/what-r3070-grant-searches-usually-mean,0,4,0%,9
https://grantcare.co.za/tn/grants/grant-in-aid,0,4,0%,9
https://grantcare.co.za/en/guides/what-to-check-before-visiting-a-sassa-office,0,4,0%,9.25
https://grantcare.co.za/guides/how-to-know-when-funds-should-show,0,4,0%,9.25
https://grantcare.co.za/guides/payment-dates-may-2025,0,4,0%,9.25
https://grantcare.co.za/xh/guides/what-to-do-if-the-portal-login-page-keeps-failing,0,4,0%,9.25
https://grantcare.co.za/guides/failed-status-meaning,0,4,0%,9.5
https://grantcare.co.za/payment-dates/2025/august/children,0,4,0%,9.5
https://grantcare.co.za/guides/how-to-change-bank-details-for-r350-support,0,4,0%,9.75
https://grantcare.co.za/guides/older-persons-grant-payment-dates-october-2026,0,4,0%,9.75
https://grantcare.co.za/xh/guides/sassa-old-age-grant-pay-date,0,4,0%,9.75
https://grantcare.co.za/af/guides/payment-dates-september-2026,0,4,0%,10.25
https://grantcare.co.za/guides/how-to-check-child-support-grant-increase-updates-safely,0,4,0%,10.25
https://grantcare.co.za/guides/disability-grant-how-to-apply,0,4,0%,10.5
https://grantcare.co.za/guides/how-to-check-application-status-on-mobile,0,4,0%,10.5
https://grantcare.co.za/guides/payment-dates-december-2026,0,4,0%,10.5
https://grantcare.co.za/en/payment-dates/2026/august/children,0,4,0%,10.75
https://grantcare.co.za/nso/guides/srd-payment-dates-april-2026,0,4,0%,11
https://grantcare.co.za/xh/guides/disability-grant-payment-dates-august-2026,0,4,0%,11
https://grantcare.co.za/zu/guides/child-support-grant-payment-dates-may-2026,0,4,0%,11
https://grantcare.co.za/xh/payment-dates/2026/may/older-persons,0,4,0%,11.25
https://grantcare.co.za/payment-dates/2026/march/children,0,4,0%,12.75
https://grantcare.co.za/xh/guides/sassa-350-payment-date,0,4,0%,13
https://grantcare.co.za/zu/payment-dates/2026/july/children,0,4,0%,14.5
https://grantcare.co.za/en/guides/payment-dates-june-2025,0,4,0%,14.75
https://grantcare.co.za/payment-dates/2026/april/older-persons,0,4,0%,15
https://grantcare.co.za/guides/care-dependency-grant-documents-you-may-need,0,4,0%,18.75
https://grantcare.co.za/guides/sassa-srd-grant-payment-date,0,4,0%,19
https://grantcare.co.za/zu/guides/payment-dates-may-2026,0,4,0%,19.25
https://grantcare.co.za/payment-dates/2025/november/social-relief,0,4,0%,21
https://grantcare.co.za/af/guides/when-to-appeal-a-declined-status,0,4,0%,22
https://grantcare.co.za/guides/sassa-370-payment-date,0,4,0%,22.5
https://grantcare.co.za/guides/payment-dates-february-2025,0,4,0%,23.25
https://grantcare.co.za/zu/guides/payment-dates-april-2026,0,4,0%,26.5
https://grantcare.co.za/tn/guides/sassa-r370-payment-dates,0,4,0%,27
https://grantcare.co.za/status/reapplication-needed,0,4,0%,28.75
https://grantcare.co.za/zu/guides/payment-dates-november-2025,0,4,0%,29.25
https://grantcare.co.za/tn/payment-dates/2027/january,0,4,0%,31
https://grantcare.co.za/nso/guides/payment-dates-march-2025,0,4,0%,33
https://grantcare.co.za/guides/sassa-status-check-payment-dates-2026,0,4,0%,36.5
https://grantcare.co.za/tn/grants,0,4,0%,36.5
https://grantcare.co.za/zu/guides/sassa-srd-status-check-dates-370,0,4,0%,38
https://grantcare.co.za/xh/guides/how-to-know-if-your-payment-method-is-blocking-release,0,4,0%,38.75
https://grantcare.co.za/af/guides/official-srd-status-check-link-guide,0,4,0%,40.75
https://grantcare.co.za/xh/grants/child-support,0,4,0%,41.75
https://grantcare.co.za/payment-dates/2025/may,0,4,0%,42.25
https://grantcare.co.za/payment-dates/2025/november/older-persons,0,4,0%,44.75
https://grantcare.co.za/zu/guides/how-to-use-an-identity-verification-link-safely,0,4,0%,46.5
https://grantcare.co.za/nso/payment-dates/2025/april,0,4,0%,58
https://grantcare.co.za/guides/sassa-srd-pay-date,0,4,0%,58.25
https://grantcare.co.za/xh/payment-dates/2026/february,0,4,0%,60
https://grantcare.co.za/payment-dates/2027/may/older-persons,0,4,0%,62
https://grantcare.co.za/guides/srd-payment-dates-january-2026,0,4,0%,70.75
https://grantcare.co.za/en/guides/what-the-search-for-an-srd-sassa-app-usually-means,0,4,0%,75.75
https://grantcare.co.za/af/payment-dates/2027/november,0,4,0%,81.5
https://grantcare.co.za/payment-dates/2025/june/social-relief,0,4,0%,83.5
https://grantcare.co.za/zu/guides/how-to-check-r370-status-safely,0,4,0%,122.5
https://grantcare.co.za/af/privacy,0,3,0%,2.67
https://grantcare.co.za/guides/how-to-know-if-your-payment-method-is-blocking-release,0,3,0%,4
https://grantcare.co.za/guides/how-to-keep-records-of-payment-problems,0,3,0%,4.33
https://grantcare.co.za/tn/status/reapplication-needed,0,3,0%,4.33
https://grantcare.co.za/zu/payment-dates/2027/april/social-relief,0,3,0%,4.33
https://grantcare.co.za/payment-dates/2027/september/children,0,3,0%,6
https://grantcare.co.za/zu/payment-dates/2027/january/children,0,3,0%,6
https://grantcare.co.za/guides/how-to-check-if-a-suspension-warning-is-official,0,3,0%,6.33
https://grantcare.co.za/nso/payment-dates/2027/january/older-persons,0,3,0%,6.33
https://grantcare.co.za/tn/payment-dates/2027/january/social-relief,0,3,0%,6.33
https://grantcare.co.za/af/payment-dates/2027/june/older-persons,0,3,0%,6.67
https://grantcare.co.za/af/guides/what-r700-grant-searches-usually-mean,0,3,0%,7
https://grantcare.co.za/af/payment-dates/2026/march/children,0,3,0%,7
https://grantcare.co.za/guides/disability-grant-payment-dates-october-2026,0,3,0%,7
https://grantcare.co.za/guides/how-to-find-the-official-application-form-safely,0,3,0%,7
https://grantcare.co.za/guides/social-relief-documents-you-may-need,0,3,0%,7.33
https://grantcare.co.za/payment-dates/2025/february/older-persons,0,3,0%,7.33
https://grantcare.co.za/en/guides/what-beneficiary-detail-update-searches-usually-mean,0,3,0%,7.67
https://grantcare.co.za/guides/how-to-check-status-if-you-are-confused-by-the-portal,0,3,0%,7.67
https://grantcare.co.za/guides/payment-dates-march-2026,0,3,0%,7.67
https://grantcare.co.za/guides/social-relief-who-may-qualify,0,3,0%,7.67
https://grantcare.co.za/af/guides/what-happens-after-you-submit-an-appeal,0,3,0%,8
https://grantcare.co.za/guides/what-to-do-after-a-successful-appeal,0,3,0%,8
https://grantcare.co.za/nso/payment-dates/2026/september/older-persons,0,3,0%,8
https://grantcare.co.za/payment-dates/2027/april,0,3,0%,8
https://grantcare.co.za/xh/guides/how-long-approval-can-take,0,3,0%,8
https://grantcare.co.za/xh/guides/why-bank-verification-fails,0,3,0%,8
https://grantcare.co.za/guides/what-id-and-kyc-deadline-searches-usually-mean,0,3,0%,8.33
https://grantcare.co.za/guides/when-to-appeal-a-declined-status,0,3,0%,8.33
https://grantcare.co.za/zu/guides/how-to-understand-payment-dates,0,3,0%,8.33
https://grantcare.co.za/af/payment-dates/2026/august/children,0,3,0%,8.67
https://grantcare.co.za/guides/approved-but-no-payment,0,3,0%,8.67
https://grantcare.co.za/payment-dates/2025/january/children,0,3,0%,8.67
https://grantcare.co.za/zu/guides/payment-dates-september-2025,0,3,0%,8.67
https://grantcare.co.za/nso/payment-dates/2027/april/children,0,3,0%,9
https://grantcare.co.za/payment-dates/2026/february/disability,0,3,0%,9
https://grantcare.co.za/zu/guides/srd-payment-dates-may-2026,0,3,0%,9
https://grantcare.co.za/en/guides/how-to-change-your-phone-number-online-safely,0,3,0%,9.33
https://grantcare.co.za/en/guides/what-to-do-if-payment-arrives-later-than-expected,0,3,0%,9.33
https://grantcare.co.za/payment-dates/2027/march,0,3,0%,9.33
https://grantcare.co.za/zu/guides/common-online-application-mistakes,0,3,0%,9.33
https://grantcare.co.za/en/status/declined,0,3,0%,9.67
https://grantcare.co.za/guides/child-support-grant-payment-dates-august-2026,0,3,0%,9.67
https://grantcare.co.za/guides/disability-grant-payment-dates-november-2026,0,3,0%,9.67
https://grantcare.co.za/tn/guides/disability-grant-documents-you-may-need,0,3,0%,9.67
https://grantcare.co.za/xh/payment-dates/2025/june/children,0,3,0%,9.67
https://grantcare.co.za/zu/payment-dates/2026/june/social-relief,0,3,0%,9.67
https://grantcare.co.za/af/guides/payment-dates-april-2026,0,3,0%,10
https://grantcare.co.za/en/payment-dates/2026/june,0,3,0%,10
https://grantcare.co.za/payment-dates/2026/march/older-persons,0,3,0%,10
https://grantcare.co.za/af/guides/child-support-grant-payment-dates-october-2026,0,3,0%,10.33
https://grantcare.co.za/tn/payment-dates/2026/october/disability,0,3,0%,10.33
https://grantcare.co.za/zu/payment-dates/2026/january/children,0,3,0%,10.33
https://grantcare.co.za/en/guides/how-to-check-your-appeal-status,0,3,0%,10.67
https://grantcare.co.za/en/guides/what-pending-appeal-means,0,3,0%,10.67
https://grantcare.co.za/guides/foster-child-grant-how-to-apply,0,3,0%,10.67
https://grantcare.co.za/guides/how-to-prepare-for-an-online-application,0,3,0%,10.67
https://grantcare.co.za/guides/older-persons-grant-payment-dates-april-2026,0,3,0%,10.67
https://grantcare.co.za/tn/grants/disability,0,3,0%,10.67
https://grantcare.co.za/xh/guides/how-to-understand-payment-dates,0,3,0%,11
https://grantcare.co.za/zu/guides/child-support-grant-how-to-apply,0,3,0%,11
https://grantcare.co.za/af/eligibility-checker,0,3,0%,11.33
https://grantcare.co.za/en/guides/banking-details-pending-meaning,0,3,0%,11.33
https://grantcare.co.za/payment-dates/2025/august/disability,0,3,0%,11.33
https://grantcare.co.za/payment-dates/2027/july/older-persons,0,3,0%,11.33
https://grantcare.co.za/xh/guides/sassa-payment-date-for-old-age,0,3,0%,11.33
https://grantcare.co.za/en/guides/what-documents-help-with-an-appeal,0,3,0%,11.67
https://grantcare.co.za/zu/guides/why-identity-verification-fails,0,3,0%,11.67
https://grantcare.co.za/xh/payment-dates/2027/may/children,0,3,0%,12
https://grantcare.co.za/payment-dates/2026/december/disability,0,3,0%,13.67
https://grantcare.co.za/guides/sassa-r350-grant-payment-date-according-to-id-number,0,3,0%,14.67
https://grantcare.co.za/en/guides/how-long-appeal-status-updates-take,0,3,0%,16
https://grantcare.co.za/guides/payment-dates-march-2025,0,3,0%,16.67
https://grantcare.co.za/payment-dates/2027/august/social-relief,0,3,0%,17.33
https://grantcare.co.za/status/payment-failed,0,3,0%,18
https://grantcare.co.za/en/grants/foster-child,0,3,0%,20
https://grantcare.co.za/payment-dates/2025/june/older-persons,0,3,0%,20
https://grantcare.co.za/xh/guides/what-identity-verification-link-means,0,3,0%,20.33
https://grantcare.co.za/payment-dates/2025/october/older-persons,0,3,0%,22.67
https://grantcare.co.za/guides/how-to-use-status-check-on-whatsapp-safely,0,3,0%,23
https://grantcare.co.za/payment-dates/2026/march,0,3,0%,25.67
https://grantcare.co.za/xh/guides/sassa-payment-dates-2025-r350,0,3,0%,30.67
https://grantcare.co.za/guides/child-support-grant-payment-dates-november-2026,0,3,0%,34
https://grantcare.co.za/zu/guides/sassa-srd-grant-payment-date,0,3,0%,37.67
https://grantcare.co.za/af/payment-dates/2027/april,0,3,0%,39
https://grantcare.co.za/tn/guides/sassa-srd-status-check-dates,0,3,0%,39.33
https://grantcare.co.za/tn/guides/older-persons-grant-payment-dates-may-2026,0,3,0%,40.67
https://grantcare.co.za/xh/guides/older-persons-grant-payment-dates-july-2026,0,3,0%,43.33
https://grantcare.co.za/tn/guides/when-to-use-a-sassa-office-instead-of-the-portal,0,3,0%,47.67
https://grantcare.co.za/guides/care-dependency-grant-who-may-qualify,0,3,0%,48
https://grantcare.co.za/guides/how-to-request-identity-verification-properly,0,3,0%,52.67
https://grantcare.co.za/payment-dates/2027/may/social-relief,0,3,0%,55
https://grantcare.co.za/payment-dates/2026/january/older-persons,0,3,0%,59.67
https://grantcare.co.za/af/guides/older-persons-grant-payment-dates-2025,0,3,0%,63
https://grantcare.co.za/xh/payment-dates/2027/september,0,3,0%,64.33
https://grantcare.co.za/nso/guides/older-persons-grant-payment-dates-july-2026,0,3,0%,65.33
https://grantcare.co.za/guides/how-to-appeal-without-guessing-the-problem,0,3,0%,66.33
https://grantcare.co.za/guides/sassa-status-meaning,0,3,0%,70.33
https://grantcare.co.za/xh/payment-dates/2025/january/social-relief,0,3,0%,75
https://grantcare.co.za/zu/guides/how-to-know-if-a-status-check-page-is-official,0,3,0%,89.33
https://grantcare.co.za/tn/guides/how-to-keep-records-for-an-appeal,0,3,0%,90.67
https://grantcare.co.za/en/guides/what-to-do-if-your-payment-method-is-still-pending,0,3,0%,91
https://grantcare.co.za/af/guides/what-srd-grant-amount-searches-usually-mean,0,3,0%,91.67
https://grantcare.co.za/en/guides/how-to-find-official-contact-details-safely,0,3,0%,94
https://grantcare.co.za/payment-dates/2027/november/children,0,3,0%,95.33
https://grantcare.co.za/payment-dates/2026/march/social-relief,0,3,0%,101
https://grantcare.co.za/tn/guides/sassa-srd-pay-date,0,3,0%,113
https://grantcare.co.za/xh/status/approved,0,3,0%,136
https://grantcare.co.za/nso/payment-dates/2027/may,0,2,0%,1
https://grantcare.co.za/en/guides/how-to-check-reconsideration-results,0,2,0%,3
https://grantcare.co.za/guides/how-to-check-reapplication-status-safely,0,2,0%,3
https://grantcare.co.za/nso/payment-dates/2026/august/older-persons,0,2,0%,3
https://grantcare.co.za/payment-dates/2027/july,0,2,0%,3
https://grantcare.co.za/en/guides/how-to-understand-payment-dates,0,2,0%,4
https://grantcare.co.za/guides/how-to-check-r370-status-safely,0,2,0%,4
https://grantcare.co.za/guides/what-srd-grant-amount-searches-usually-mean,0,2,0%,4
https://grantcare.co.za/tn/payment-dates/2026/may/older-persons,0,2,0%,4
https://grantcare.co.za/tn/payment-dates/2027/april,0,2,0%,4
https://grantcare.co.za/guides/what-the-search-for-an-srd-sassa-app-usually-means,0,2,0%,4.5
https://grantcare.co.za/af/guides/what-moya-app-searches-usually-mean-for-r350,0,2,0%,5
https://grantcare.co.za/af/payment-dates/2027/june/social-relief,0,2,0%,5
https://grantcare.co.za/guides/reapplication-needed-meaning,0,2,0%,5
https://grantcare.co.za/guides/when-to-use-a-sassa-office-instead-of-the-portal,0,2,0%,5.5
https://grantcare.co.za/tn/guides/how-to-fix-missing-payment-issues,0,2,0%,5.5
https://grantcare.co.za/zu/guides/fix-banking-details,0,2,0%,5.5
https://grantcare.co.za/en/guides/how-to-use-sassa-status-check-for-r350,0,2,0%,6
https://grantcare.co.za/guides/status-stuck-pending,0,2,0%,6
https://grantcare.co.za/guides/what-to-do-if-you-see-a-double-grant-payment-post,0,2,0%,6
https://grantcare.co.za/nso/guides/what-to-do-if-the-status-check-page-will-not-load,0,2,0%,6
https://grantcare.co.za/xh/guides/payment-dates-2025,0,2,0%,6
https://grantcare.co.za/guides/how-to-know-if-an-appeal-is-worth-submitting,0,2,0%,6.5
https://grantcare.co.za/guides/what-appeal-approved-means-for-payment,0,2,0%,6.5
https://grantcare.co.za/xh/guides/what-to-check-before-visiting-a-sassa-office,0,2,0%,6.5
https://grantcare.co.za/zu/guides/payment-dates-2025-to-2026,0,2,0%,6.5
https://grantcare.co.za/guides/srd-sassa-gov-za-status-check-guide,0,2,0%,7
https://grantcare.co.za/nso/guides/how-to-fix-common-application-problems,0,2,0%,7
https://grantcare.co.za/nso/guides/what-to-do-if-payment-arrives-later-than-expected,0,2,0%,7
https://grantcare.co.za/payment-dates/2027/march/older-persons,0,2,0%,7
https://grantcare.co.za/xh/guides/srd-payment-dates-may-2026,0,2,0%,7
https://grantcare.co.za/af/payment-dates/2026/may/social-relief,0,2,0%,7.5
https://grantcare.co.za/guides/why-is-my-status-pending,0,2,0%,7.5
https://grantcare.co.za/tn/payment-dates/2026/november/children,0,2,0%,7.5
https://grantcare.co.za/zu/guides/who-may-qualify-for-support,0,2,0%,7.5
https://grantcare.co.za/zu/payment-dates/2026/november/children,0,2,0%,7.5
https://grantcare.co.za/guides/what-to-do-if-your-application-status-does-not-update,0,2,0%,8
https://grantcare.co.za/xh/guides/how-payments-work,0,2,0%,8
https://grantcare.co.za/af/payment-dates/2027/june,0,2,0%,8.5
https://grantcare.co.za/af/payment-dates/2027/may/older-persons,0,2,0%,8.5
https://grantcare.co.za/en/guides/how-to-know-if-your-payment-is-ready,0,2,0%,8.5
https://grantcare.co.za/guides/what-identity-verification-link-means,0,2,0%,8.5
https://grantcare.co.za/af/guides/grant-in-aid-who-may-qualify,0,2,0%,9
https://grantcare.co.za/af/guides/what-does-approved-mean,0,2,0%,9
https://grantcare.co.za/af/payment-dates/2027/january/children,0,2,0%,9
https://grantcare.co.za/guides/how-to-fix-verification-problems-after-changing-details,0,2,0%,9
https://grantcare.co.za/guides/why-your-banking-details-update-is-not-working,0,2,0%,9
https://grantcare.co.za/nso/guides/payment-dates-june-2026,0,2,0%,9
https://grantcare.co.za/tn/guides/child-support-grant-payment-dates-december-2026,0,2,0%,9
https://grantcare.co.za/xh/guides/child-support-grant-payment-dates-september-2026,0,2,0%,9
https://grantcare.co.za/zu/guides/how-to-check-child-support-grant-increase-updates-safely,0,2,0%,9
https://grantcare.co.za/guides/how-to-find-the-right-sassa-website-for-your-task,0,2,0%,9.5
https://grantcare.co.za/guides/what-to-do-if-you-fear-your-grant-is-suspended,0,2,0%,9.5
https://grantcare.co.za/payment-dates/2027/april/children,0,2,0%,9.5
https://grantcare.co.za/payment-dates/2027/july/disability,0,2,0%,9.5
https://grantcare.co.za/payment-dates/2027/october/older-persons,0,2,0%,9.5
https://grantcare.co.za/xh/guides/srd-payment-dates-november-2026,0,2,0%,9.5
https://grantcare.co.za/af/guides/sassa-status-check-for-r350-payment-date,0,2,0%,10
https://grantcare.co.za/guides/how-to-know-if-a-sassa-app-is-official,0,2,0%,10
https://grantcare.co.za/guides/what-does-declined-mean,0,2,0%,10
https://grantcare.co.za/guides/what-social-grant-increase-searches-usually-mean,0,2,0%,10
https://grantcare.co.za/tn/guides/payment-dates-november-2026,0,2,0%,10
https://grantcare.co.za/xh/guides/how-to-fix-missing-payment-issues,0,2,0%,10
https://grantcare.co.za/zu/guides/older-persons-grant-payment-dates-june-2026,0,2,0%,10
https://grantcare.co.za/guides/grant-in-aid-who-may-qualify,0,2,0%,10.5
https://grantcare.co.za/guides/payment-dates-2025,0,2,0%,10.5
https://grantcare.co.za/guides/what-happens-after-approval,0,2,0%,10.5
https://grantcare.co.za/guides/what-moya-app-searches-usually-mean-for-r350,0,2,0%,10.5
https://grantcare.co.za/nso/guides/payment-dates-april-2025,0,2,0%,10.5
https://grantcare.co.za/payment-dates/2025/april/children,0,2,0%,10.5
https://grantcare.co.za/tn/guides/what-to-do-if-your-appeal-status-does-not-change,0,2,0%,10.5
https://grantcare.co.za/zu/payment-dates/2025/july/children,0,2,0%,10.5
https://grantcare.co.za/af/guides/how-to-check-whether-your-number-update-reflected,0,2,0%,11
https://grantcare.co.za/en/guides/older-persons-grant-how-to-apply,0,2,0%,11
https://grantcare.co.za/guides/what-to-do-if-the-reapplication-page-will-not-open,0,2,0%,11
https://grantcare.co.za/guides/what-to-do-if-your-identity-verification-link-does-not-work,0,2,0%,11
https://grantcare.co.za/xh/guides/payment-dates-march-2025,0,2,0%,11
https://grantcare.co.za/xh/payment-dates/2025/june/older-persons,0,2,0%,11
https://grantcare.co.za/zu/guides/how-to-use-sassa-online-application-safely,0,2,0%,11
https://grantcare.co.za/zu/payment-dates/2025/may/older-persons,0,2,0%,11
https://grantcare.co.za/nso/payment-dates/2027/march,0,2,0%,11.5
https://grantcare.co.za/payment-dates/2027/july/children,0,2,0%,11.5
https://grantcare.co.za/tn/guides/what-to-do-if-online-application-login-is-not-working,0,2,0%,11.5
https://grantcare.co.za/zu/payment-dates/2026/july/older-persons,0,2,0%,11.5
https://grantcare.co.za/zu/payment-dates/2026/october/older-persons,0,2,0%,11.5
https://grantcare.co.za/en/guides/how-to-apply-online-for-social-relief,0,2,0%,12
https://grantcare.co.za/en/guides/what-declined-after-reconsideration-still-allows-you-to-do,0,2,0%,12
https://grantcare.co.za/guides/how-to-prepare-before-reapplying,0,2,0%,12
https://grantcare.co.za/guides/how-to-use-an-identity-verification-link-safely,0,2,0%,12
https://grantcare.co.za/guides/srd-payment-dates-march-2026,0,2,0%,12
https://grantcare.co.za/payment-dates/2027/august/children,0,2,0%,12
https://grantcare.co.za/xh/guides/how-to-check-older-persons-grant-increase-updates-safely,0,2,0%,12
https://grantcare.co.za/xh/payment-dates/2025/february/children,0,2,0%,12
https://grantcare.co.za/guides/child-support-grant-who-may-qualify,0,2,0%,12.5
https://grantcare.co.za/xh/guides/appeal-after-decline,0,2,0%,12.5
https://grantcare.co.za/payment-dates/2025/december/children,0,2,0%,13
https://grantcare.co.za/af/payment-dates/2025/september/older-persons,0,2,0%,13.5
https://grantcare.co.za/xh/payment-dates/2027/march,0,2,0%,14.5
https://grantcare.co.za/af/guides/what-to-do-if-you-missed-a-payment,0,2,0%,15
https://grantcare.co.za/af/guides/payment-dates-june-2025,0,2,0%,15.5
https://grantcare.co.za/en/guides/child-support-grant-how-to-apply,0,2,0%,15.5
https://grantcare.co.za/guides/payment-dates-january-2025,0,2,0%,16
https://grantcare.co.za/status/banking-issue,0,2,0%,16
https://grantcare.co.za/terms,0,2,0%,17.5
https://grantcare.co.za/af/guides/disability-grant-payment-dates-november-2026,0,2,0%,19
https://grantcare.co.za/en/guides/child-support-grant-who-may-qualify,0,2,0%,19.5
https://grantcare.co.za/en/guides/what-r700-grant-searches-usually-mean,0,2,0%,19.5
https://grantcare.co.za/en/status/payment-failed,0,2,0%,19.5
https://grantcare.co.za/en/guides/srd-payment-dates-november-2026,0,2,0%,22
https://grantcare.co.za/tn/guides/payment-dates-2025-to-2026,0,2,0%,22.5
https://grantcare.co.za/zu/guides/what-declined-after-appeal-means,0,2,0%,23
https://grantcare.co.za/en/payment-dates/2026/december/children,0,2,0%,24
https://grantcare.co.za/payment-dates/2026/january/disability,0,2,0%,24.5
https://grantcare.co.za/en/guides/how-banking-details-updates-work,0,2,0%,26.5
https://grantcare.co.za/payment-dates/2025/august/social-relief,0,2,0%,26.5
https://grantcare.co.za/payment-dates/2026/august/social-relief,0,2,0%,27
https://grantcare.co.za/en/guides/sassa-status-check-for-r350-payment-dates-july,0,2,0%,31
https://grantcare.co.za/en/payment-dates/2025/february/disability,0,2,0%,31.5
https://grantcare.co.za/en/payment-dates/2025/january/older-persons,0,2,0%,34.5
https://grantcare.co.za/guides/how-to-use-services-sassa-gov-za-safely,0,2,0%,36
https://grantcare.co.za/guides/what-sc19-searches-usually-mean,0,2,0%,38
https://grantcare.co.za/xh/guides/sassa-srd-status-check-dates,0,2,0%,40
https://grantcare.co.za/nso/payment-dates/2025/november/children,0,2,0%,43.5
https://grantcare.co.za/guides/how-to-read-grant-amount-pages-safely,0,2,0%,44
https://grantcare.co.za/payment-dates/2025/august,0,2,0%,46
https://grantcare.co.za/xh/payment-dates/2027/november/children,0,2,0%,46
https://grantcare.co.za/en/payment-dates/2027/november,0,2,0%,47.5
https://grantcare.co.za/payment-dates/2026/february/social-relief,0,2,0%,51
https://grantcare.co.za/payment-dates/2025/february,0,2,0%,51.5
https://grantcare.co.za/zu/guides/older-persons-grant-payment-dates-august-2026,0,2,0%,54
https://grantcare.co.za/af/grants/social-relief,0,2,0%,59
https://grantcare.co.za/en/guides/how-to-check-if-your-bank-details-were-accepted,0,2,0%,70
https://grantcare.co.za/tn/guides/how-to-check-child-support-grant-increase-updates-safely,0,2,0%,70.5
https://grantcare.co.za/en/guides/how-to-find-the-right-sassa-website-for-your-task,0,2,0%,71
https://grantcare.co.za/nso/guides/sassa-status-check-for-r350-payment,0,2,0%,71
https://grantcare.co.za/af/guides/what-to-do-if-your-appeal-is-still-pending,0,2,0%,72
https://grantcare.co.za/tn/guides/how-to-check-if-your-online-application-was-submitted,0,2,0%,72
https://grantcare.co.za/af/guides/what-to-check-before-you-start-an-online-application,0,2,0%,73.5
https://grantcare.co.za/xh/payment-dates/2026/march,0,2,0%,76
https://grantcare.co.za/xh/sitemap,0,2,0%,80.5
https://grantcare.co.za/disclaimer,0,2,0%,85
https://grantcare.co.za/en/guides/how-to-read-grant-amount-pages-safely,0,2,0%,93
https://grantcare.co.za/xh/payment-dates/2026/january,0,2,0%,94
https://grantcare.co.za/tn/guides/older-persons-grant-payment-dates-april-2026,0,2,0%,94.5
https://grantcare.co.za/nso/payment-dates/2025/july/older-persons,0,2,0%,95.5
https://grantcare.co.za/tn/guides/how-to-keep-records-of-payment-problems,0,2,0%,95.5
https://grantcare.co.za/payment-dates/2027/january/social-relief,0,2,0%,105.5
https://grantcare.co.za/xh/guides/sassa-srd-status-check-dates-370,0,2,0%,124
https://grantcare.co.za/tn/guides/how-to-read-r350-status-check-and-payment-pages-together,0,2,0%,131.5
https://grantcare.co.za/nso/guides/what-the-search-for-an-srd-sassa-app-usually-means,0,2,0%,145
https://grantcare.co.za/zu/guides/sassa-status-check-for-r350-payment-dates-july,0,2,0%,145
https://grantcare.co.za/payment-dates/2025/july/social-relief,0,2,0%,145.5
https://grantcare.co.za/af/status,0,2,0%,172
https://grantcare.co.za/guides/how-to-read-grant-suspension-wording-safely,0,1,0%,1
https://grantcare.co.za/guides/how-to-use-reminders-for-payment-readiness,0,1,0%,1
https://grantcare.co.za/guides/what-to-do-if-your-verification-message-changes,0,1,0%,1
https://grantcare.co.za/nso/payment-dates/2026/october/children,0,1,0%,1
https://grantcare.co.za/payment-dates/2027/april/social-relief,0,1,0%,1
https://grantcare.co.za/zu/guides/can-you-appeal-twice,0,1,0%,1
https://grantcare.co.za/guides/how-to-check-older-persons-grant-increase-updates-safely,0,1,0%,2
https://grantcare.co.za/guides/what-r700-eligibility-pages-usually-mean,0,1,0%,2
https://grantcare.co.za/guides/what-to-do-if-payment-ready-message-disappears,0,1,0%,2
https://grantcare.co.za/nso/payment-dates/2026/june/children,0,1,0%,2
https://grantcare.co.za/payment-dates/2027/march/children,0,1,0%,3
https://grantcare.co.za/xh/payment-dates/2027/february/social-relief,0,1,0%,3
https://grantcare.co.za/af/guides/when-to-use-a-sassa-office-instead-of-the-portal,0,1,0%,4
https://grantcare.co.za/af/payment-dates/2025/april/social-relief,0,1,0%,4
https://grantcare.co.za/en/guides/how-payment-batches-can-cause-delays,0,1,0%,4
https://grantcare.co.za/en/guides/what-r1400-beneficiary-list-searches-usually-mean,0,1,0%,4
https://grantcare.co.za/en/guides/what-to-do-after-a-successful-appeal,0,1,0%,4
https://grantcare.co.za/guides/how-to-avoid-fake-application-status-pages,0,1,0%,4
https://grantcare.co.za/guides/what-payment-not-yet-available-means,0,1,0%,4
https://grantcare.co.za/tn/payment-dates/2026/april/social-relief,0,1,0%,4
https://grantcare.co.za/zu/guides/how-phone-number-changes-affect-status-checks,0,1,0%,4
https://grantcare.co.za/zu/guides/srd-payment-dates-june-2026,0,1,0%,4
https://grantcare.co.za/zu/payment-dates/2026/july/social-relief,0,1,0%,4
https://grantcare.co.za/af/guides/how-to-check-status-if-you-are-confused-by-the-portal,0,1,0%,5
https://grantcare.co.za/af/payment-dates/2027/july/older-persons,0,1,0%,5
https://grantcare.co.za/guides/how-to-find-official-contact-details-safely,0,1,0%,5
https://grantcare.co.za/guides/what-to-do-after-a-status-check-result,0,1,0%,5
https://grantcare.co.za/nso/payment-dates/2025/october/children,0,1,0%,5
https://grantcare.co.za/nso/payment-dates/2026/march/social-relief,0,1,0%,5
https://grantcare.co.za/nso/payment-dates/2026/september/children,0,1,0%,5
https://grantcare.co.za/tn/guides/how-to-check-if-payment-was-sent-back,0,1,0%,5
https://grantcare.co.za/tn/payment-dates/2027/february/older-persons,0,1,0%,5
https://grantcare.co.za/tn/payment-dates/2027/january/disability,0,1,0%,5
https://grantcare.co.za/zu/guides/how-to-check-payment-method-before-pay-date,0,1,0%,5
https://grantcare.co.za/zu/guides/how-to-read-status-check-appeal-dates,0,1,0%,5
https://grantcare.co.za/zu/guides/what-to-do-after-an-unsuccessful-appeal,0,1,0%,5
https://grantcare.co.za/zu/payment-dates/2026/may/social-relief,0,1,0%,5
https://grantcare.co.za/af/guides/how-to-read-appeal-and-status-pages-together,0,1,0%,6
https://grantcare.co.za/af/payment-dates/2025/april/children,0,1,0%,6
https://grantcare.co.za/af/payment-dates/2025/july/older-persons,0,1,0%,6
https://grantcare.co.za/en/guides/how-long-approval-can-take,0,1,0%,6
https://grantcare.co.za/en/guides/what-to-do-if-online-application-login-is-not-working,0,1,0%,6
https://grantcare.co.za/en/payment-dates/2026/july/children,0,1,0%,6
https://grantcare.co.za/guides/how-to-check-if-your-bank-details-were-accepted,0,1,0%,6
https://grantcare.co.za/guides/how-to-check-payment-readiness-for-r350-support,0,1,0%,6
https://grantcare.co.za/guides/how-to-check-whether-your-number-update-reflected,0,1,0%,6
https://grantcare.co.za/guides/how-to-prepare-before-applying,0,1,0%,6
https://grantcare.co.za/guides/what-bank-verification-is-checking,0,1,0%,6
https://grantcare.co.za/guides/what-to-do-if-an-online-application-form-confuses-you,0,1,0%,6
https://grantcare.co.za/guides/when-to-use-the-official-status-check-again,0,1,0%,6
https://grantcare.co.za/nso/guides/how-to-find-official-status-check-updates-safely,0,1,0%,6
https://grantcare.co.za/nso/payment-dates/2027/july/children,0,1,0%,6
https://grantcare.co.za/payment-dates/2025/march/children,0,1,0%,6
https://grantcare.co.za/tn/guides/sassa-370-payment-date,0,1,0%,6
https://grantcare.co.za/tn/payment-dates/2026/september/disability,0,1,0%,6
https://grantcare.co.za/tn/payment-dates/2027/december/disability,0,1,0%,6
https://grantcare.co.za/tn/payment-dates/2027/may/social-relief,0,1,0%,6
https://grantcare.co.za/tn/status/banking-issue,0,1,0%,6
https://grantcare.co.za/xh/guides/what-an-appeal-date-means,0,1,0%,6
https://grantcare.co.za/xh/guides/what-grant-suspension-searches-usually-mean,0,1,0%,6
https://grantcare.co.za/af/payment-dates/2026/october/disability,0,1,0%,7
https://grantcare.co.za/af/payment-dates/2027/january/social-relief,0,1,0%,7
https://grantcare.co.za/en/guides/how-to-check-payment-method-before-pay-date,0,1,0%,7
https://grantcare.co.za/en/guides/how-to-keep-records-after-reapplying,0,1,0%,7
https://grantcare.co.za/en/guides/sassa-status-check-for-r370-payment-dates,0,1,0%,7
https://grantcare.co.za/en/guides/what-grant-suspension-searches-usually-mean,0,1,0%,7
https://grantcare.co.za/en/guides/what-payment-hold-may-mean,0,1,0%,7
https://grantcare.co.za/grants/foster-child,0,1,0%,7
https://grantcare.co.za/guides/how-sassa-appeals-work,0,1,0%,7
https://grantcare.co.za/guides/how-to-avoid-fake-status-check-sites,0,1,0%,7
https://grantcare.co.za/guides/how-to-read-application-status-after-changing-details,0,1,0%,7
https://grantcare.co.za/guides/how-to-understand-payment-dates,0,1,0%,7
https://grantcare.co.za/guides/payment-dates-september-2025,0,1,0%,7
https://grantcare.co.za/guides/what-r1400-beneficiary-list-searches-usually-mean,0,1,0%,7
https://grantcare.co.za/guides/what-to-do-if-your-status-does-not-change,0,1,0%,7
https://grantcare.co.za/tn/guides/how-long-an-appeal-takes,0,1,0%,7
https://grantcare.co.za/tn/payment-dates/2027/june/disability,0,1,0%,7
https://grantcare.co.za/tn/payment-dates/2027/september/children,0,1,0%,7
https://grantcare.co.za/xh/guides/what-to-do-after-approval,0,1,0%,7
https://grantcare.co.za/zu/guides/disability-grant-payment-dates-september-2026,0,1,0%,7
https://grantcare.co.za/zu/guides/how-long-appeal-status-updates-take,0,1,0%,7
https://grantcare.co.za/zu/guides/how-to-check-if-an-online-application-link-is-official,0,1,0%,7
https://grantcare.co.za/zu/guides/what-to-do-if-you-fear-your-grant-is-suspended,0,1,0%,7
https://grantcare.co.za/zu/payment-dates/2026/july,0,1,0%,7
https://grantcare.co.za/zu/payment-dates/2027/december/children,0,1,0%,7
https://grantcare.co.za/af/guides/care-dependency-grant-how-to-apply,0,1,0%,8
https://grantcare.co.za/af/guides/disability-grant-payment-dates-may-2026,0,1,0%,8
https://grantcare.co.za/af/guides/how-to-know-if-your-payment-is-ready,0,1,0%,8
https://grantcare.co.za/af/guides/how-to-know-when-funds-should-show,0,1,0%,8
https://grantcare.co.za/af/guides/payment-dates-may-2026,0,1,0%,8
https://grantcare.co.za/af/payment-dates/2025/september,0,1,0%,8
https://grantcare.co.za/en/payment-dates/2027/december/older-persons,0,1,0%,8
https://grantcare.co.za/guides/how-to-find-official-application-status-updates-safely,0,1,0%,8
https://grantcare.co.za/guides/how-to-read-payment-notes-on-date-pages,0,1,0%,8
https://grantcare.co.za/guides/how-to-use-online-application-login-safely,0,1,0%,8
https://grantcare.co.za/nso/payment-dates/2026/october,0,1,0%,8
https://grantcare.co.za/payment-dates/2027/october,0,1,0%,8
https://grantcare.co.za/tn/guides/child-support-grant-payment-dates-august-2026,0,1,0%,8
https://grantcare.co.za/tn/guides/how-to-read-appeal-and-status-pages-together,0,1,0%,8
https://grantcare.co.za/tn/payment-dates/2025/october/children,0,1,0%,8
https://grantcare.co.za/af/guides/common-online-application-mistakes,0,1,0%,9
https://grantcare.co.za/af/payment-dates/2026/september/older-persons,0,1,0%,9
https://grantcare.co.za/af/payment-dates/2027/november/children,0,1,0%,9
https://grantcare.co.za/guides/child-support-grant-payment-dates-december-2026,0,1,0%,9
https://grantcare.co.za/guides/foster-child-grant-who-may-qualify,0,1,0%,9
https://grantcare.co.za/guides/how-to-check-if-a-grant-increase-update-is-official,0,1,0%,9
https://grantcare.co.za/guides/how-to-check-reconsideration-results,0,1,0%,9
https://grantcare.co.za/guides/older-persons-grant-payment-dates-2025,0,1,0%,9
https://grantcare.co.za/nso/guides/how-to-check-your-appeal-status,0,1,0%,9
https://grantcare.co.za/nso/guides/how-to-know-if-a-sassa-app-is-official,0,1,0%,9
https://grantcare.co.za/nso/payment-dates/2025/august,0,1,0%,9
https://grantcare.co.za/payment-dates/2027/march/social-relief,0,1,0%,9
https://grantcare.co.za/tn/guides/how-to-check-older-persons-grant-increase-updates-safely,0,1,0%,9
https://grantcare.co.za/tn/payment-dates/2025/april/children,0,1,0%,9
https://grantcare.co.za/tn/payment-dates/2025/november,0,1,0%,9
https://grantcare.co.za/xh/grants/grant-in-aid,0,1,0%,9
https://grantcare.co.za/xh/guides/how-to-read-application-status-after-applying-online,0,1,0%,9
https://grantcare.co.za/xh/guides/how-to-use-sassa-toll-free-and-contact-pages-safely,0,1,0%,9
https://grantcare.co.za/xh/guides/payment-dates-june-2026,0,1,0%,9
https://grantcare.co.za/xh/guides/what-to-do-after-an-unsuccessful-appeal,0,1,0%,9
https://grantcare.co.za/xh/payment-dates/2027/july/children,0,1,0%,9
https://grantcare.co.za/xh/payment-dates/2027/june/children,0,1,0%,9
https://grantcare.co.za/zu/guides/what-payment-released-means,0,1,0%,9
https://grantcare.co.za/zu/payment-dates/2026/february/social-relief,0,1,0%,9
https://grantcare.co.za/en/guides/disability-grant-payment-dates-june-2026,0,1,0%,10
https://grantcare.co.za/en/guides/how-to-find-a-sassa-office-near-you-safely,0,1,0%,10
https://grantcare.co.za/en/payment-dates/2025/september,0,1,0%,10
https://grantcare.co.za/en/status,0,1,0%,10
https://grantcare.co.za/guides/how-to-keep-access-after-changing-your-number,0,1,0%,10
https://grantcare.co.za/guides/how-to-save-your-status-results-for-reference,0,1,0%,10
https://grantcare.co.za/guides/payment-dates-november-2025,0,1,0%,10
https://grantcare.co.za/nso/guides/disability-grant-how-to-apply,0,1,0%,10
https://grantcare.co.za/nso/payment-dates/2026/july/older-persons,0,1,0%,10
https://grantcare.co.za/nso/payment-dates/2027/july/disability,0,1,0%,10
https://grantcare.co.za/payment-dates/2025/april/social-relief,0,1,0%,10
https://grantcare.co.za/payment-dates/2025/may/social-relief,0,1,0%,10
https://grantcare.co.za/payment-dates/2026/october,0,1,0%,10
https://grantcare.co.za/payment-dates/2027/april/disability,0,1,0%,10
https://grantcare.co.za/payment-dates/2027/april/older-persons,0,1,0%,10
https://grantcare.co.za/payment-dates/2027/december/children,0,1,0%,10
https://grantcare.co.za/payment-dates/2027/december/social-relief,0,1,0%,10
https://grantcare.co.za/tn/guides/how-to-know-if-a-sassa-whatsapp-number-is-official,0,1,0%,10
https://grantcare.co.za/tn/guides/payment-dates-september-2026,0,1,0%,10
https://grantcare.co.za/tn/guides/what-banking-details-status-check-means,0,1,0%,10
https://grantcare.co.za/tn/payment-dates/2025/july/children,0,1,0%,10
https://grantcare.co.za/xh/guides/what-pending-bank-verification-means,0,1,0%,10
https://grantcare.co.za/xh/guides/what-to-do-if-you-need-to-change-phone-number-without-otp,0,1,0%,10
https://grantcare.co.za/xh/payment-dates/2027/july/social-relief,0,1,0%,10
https://grantcare.co.za/zu/grants/grant-in-aid,0,1,0%,10
https://grantcare.co.za/zu/guides/how-to-open-the-sassa-website-on-mobile,0,1,0%,10
https://grantcare.co.za/zu/guides/how-to-update-banking-details-after-changing-banks,0,1,0%,10
https://grantcare.co.za/zu/guides/what-appeal-approved-means-for-payment,0,1,0%,10
https://grantcare.co.za/zu/guides/what-happens-after-approval,0,1,0%,10
https://grantcare.co.za/zu/payment-dates/2026/april/social-relief,0,1,0%,10
https://grantcare.co.za/af/payment-dates/2025/january/disability,0,1,0%,11
https://grantcare.co.za/af/payment-dates/2027/january/older-persons,0,1,0%,11
https://grantcare.co.za/en/guides/how-to-find-official-application-status-updates-safely,0,1,0%,11
https://grantcare.co.za/en/guides/how-to-start-an-r350-online-application-safely,0,1,0%,11
https://grantcare.co.za/en/guides/older-persons-grant-payment-dates-july-2026,0,1,0%,11
https://grantcare.co.za/en/guides/what-to-do-if-your-bank-details-changed,0,1,0%,11
https://grantcare.co.za/guides/how-payment-batches-can-cause-delays,0,1,0%,11
https://grantcare.co.za/guides/how-to-check-application-status-on-the-official-portal-safely,0,1,0%,11
https://grantcare.co.za/guides/how-to-know-if-a-sassa-website-is-official,0,1,0%,11
https://grantcare.co.za/guides/is-the-r12500-youth-grant-real,0,1,0%,11
https://grantcare.co.za/guides/older-persons-grant-payment-dates-december-2026,0,1,0%,11
https://grantcare.co.za/guides/older-persons-grant-payment-dates-march-2026,0,1,0%,11
https://grantcare.co.za/guides/older-persons-grant-who-may-qualify,0,1,0%,11
https://grantcare.co.za/guides/srd-payment-dates-october-2026,0,1,0%,11
https://grantcare.co.za/guides/status-check-vs-payment-date-guide,0,1,0%,11
https://grantcare.co.za/guides/what-an-application-update-page-usually-means,0,1,0%,11
https://grantcare.co.za/guides/what-pension-increase-searches-usually-mean,0,1,0%,11
https://grantcare.co.za/nso/guides/how-to-fix-phone-number-mismatch-problems,0,1,0%,11
https://grantcare.co.za/nso/guides/how-to-use-an-identity-verification-link-safely,0,1,0%,11
https://grantcare.co.za/nso/guides/sassa-payment-date-for-old-age,0,1,0%,11
https://grantcare.co.za/nso/payment-dates/2025/may/disability,0,1,0%,11
https://grantcare.co.za/nso/payment-dates/2026/july/children,0,1,0%,11
https://grantcare.co.za/payment-dates/2025/december/social-relief,0,1,0%,11
https://grantcare.co.za/payment-dates/2027/february/children,0,1,0%,11
https://grantcare.co.za/xh/guides/disability-grant-payment-dates-june-2026,0,1,0%,11
https://grantcare.co.za/xh/guides/srd-payment-dates-august-2026,0,1,0%,11
https://grantcare.co.za/xh/guides/what-to-do-if-payment-keeps-failing,0,1,0%,11
https://grantcare.co.za/xh/guides/what-to-do-if-you-missed-the-appeal-window,0,1,0%,11
https://grantcare.co.za/xh/guides/what-to-do-if-your-status-does-not-change,0,1,0%,11
https://grantcare.co.za/xh/guides/what-to-do-if-your-verification-message-changes,0,1,0%,11
https://grantcare.co.za/xh/payment-dates/2026/march/social-relief,0,1,0%,11
https://grantcare.co.za/zu/guides/child-support-grant-payment-dates-april-2026,0,1,0%,11
https://grantcare.co.za/zu/guides/child-support-grant-payment-dates-november-2026,0,1,0%,11
https://grantcare.co.za/zu/guides/disability-grant-payment-dates-october-2026,0,1,0%,11
https://grantcare.co.za/zu/guides/failed-status-meaning,0,1,0%,11
https://grantcare.co.za/zu/guides/how-long-approval-can-take,0,1,0%,11
https://grantcare.co.za/zu/guides/what-to-do-if-your-application-form-will-not-open,0,1,0%,11
https://grantcare.co.za/zu/payment-dates/2025/may/disability,0,1,0%,11
https://grantcare.co.za/zu/payment-dates/2026/september/social-relief,0,1,0%,11
https://grantcare.co.za/af/guides/how-to-find-the-right-status-check-for-your-grant,0,1,0%,12
https://grantcare.co.za/af/guides/payment-dates-may-2025,0,1,0%,12
https://grantcare.co.za/af/payment-dates/2025/december/children,0,1,0%,12
https://grantcare.co.za/en/guides/payment-dates-by-month,0,1,0%,12
https://grantcare.co.za/en/guides/what-srd-grant-amount-searches-usually-mean,0,1,0%,12
https://grantcare.co.za/en/payment-dates/2027/april/social-relief,0,1,0%,12
https://grantcare.co.za/en/payment-dates/2027/june/children,0,1,0%,12
https://grantcare.co.za/guides/how-to-check-if-a-missing-payment-is-just-a-delay,0,1,0%,12
https://grantcare.co.za/guides/how-to-use-sassa-toll-free-and-contact-pages-safely,0,1,0%,12
https://grantcare.co.za/guides/how-to-use-services-sassa-gov-za-login-safely,0,1,0%,12
https://grantcare.co.za/guides/older-persons-grant-payment-dates-november-2026,0,1,0%,12
https://grantcare.co.za/guides/srd-payment-dates-july-2026,0,1,0%,12
https://grantcare.co.za/guides/what-pending-bank-verification-means,0,1,0%,12
https://grantcare.co.za/nso/guides/appeal-after-decline,0,1,0%,12
https://grantcare.co.za/nso/guides/how-to-use-sc19-pages-safely,0,1,0%,12
https://grantcare.co.za/nso/payment-dates/2026/march/children,0,1,0%,12
https://grantcare.co.za/nso/payment-dates/2027/may/older-persons,0,1,0%,12
https://grantcare.co.za/payment-dates/2025/july/children,0,1,0%,12
https://grantcare.co.za/payment-dates/2027/august,0,1,0%,12
https://grantcare.co.za/payment-dates/2027/september,0,1,0%,12
https://grantcare.co.za/tn/guides/child-support-grant-who-may-qualify,0,1,0%,12
https://grantcare.co.za/tn/guides/disability-grant-payment-dates-april-2026,0,1,0%,12
https://grantcare.co.za/tn/guides/how-to-read-application-status-after-applying-online,0,1,0%,12
https://grantcare.co.za/tn/guides/social-relief-who-may-qualify,0,1,0%,12
https://grantcare.co.za/tn/guides/what-documents-help-with-an-appeal,0,1,0%,12
https://grantcare.co.za/tn/guides/what-to-do-after-approval,0,1,0%,12
https://grantcare.co.za/xh/guides/disability-grant-who-may-qualify,0,1,0%,12
https://grantcare.co.za/xh/guides/how-to-check-disability-grant-increase-updates-safely,0,1,0%,12
https://grantcare.co.za/xh/guides/how-to-check-your-status,0,1,0%,12
https://grantcare.co.za/xh/payment-dates/2027/may/older-persons,0,1,0%,12
https://grantcare.co.za/xh/status/payment-failed,0,1,0%,12
https://grantcare.co.za/zu/guides/payment-dates-march-2026,0,1,0%,12
https://grantcare.co.za/zu/payment-dates/2025/september,0,1,0%,12
https://grantcare.co.za/zu/payment-dates/2026/august,0,1,0%,12
https://grantcare.co.za/en/guides/how-to-move-from-application-to-status-check,0,1,0%,13
https://grantcare.co.za/en/payment-dates/2026/march,0,1,0%,13
https://grantcare.co.za/guides/what-payment-status-check-means,0,1,0%,13
https://grantcare.co.za/xh/payment-dates/2026/january/children,0,1,0%,13
https://grantcare.co.za/xh/payment-dates/2026/july/older-persons,0,1,0%,13
https://grantcare.co.za/zu/payment-dates/2026/august/older-persons,0,1,0%,13
https://grantcare.co.za/af/guides/what-to-do-if-your-payment-method-is-still-pending,0,1,0%,15
https://grantcare.co.za/guides/how-to-check-your-status,0,1,0%,15
https://grantcare.co.za/tn/payment-dates/2027/june,0,1,0%,15